Core Utilization Summary,
Core,Bandwidth,Max Capacity,Utilization,
CoreLA,44381.0000001,80000.0000001,0.5547625000005566
CoreSLC1,14744.0000001,40000.0000001,0.3686000000015785
CoreAZ,3947.0000001,20000.0000001,0.19735000000401323
Total:,63072.0000004,140000.0000004,0.45051428571585567,